frame,type,left,reference,left_label,reference_label,iou
adasind_123090.jpg,mismatching_attributes,2,2,Truck,Truck,0.875
adasind_128310.jpg,mismatching_attributes,2,2,Pedestrian,Pedestrian,0.830
adasind_128310.jpg,missing_annotation,,4,,Car,N/A
adasind_199770.jpg,mismatching_attributes,2,2,ThreeWheeler,ThreeWheeler,0.650
adasind_199770.jpg,extra_annotation,4,,Bike,,N/A
adasind_199770.jpg,extra_annotation,5,,Pedestrian,,N/A
adasind_199770.jpg,extra_annotation,7,,ThreeWheeler,,N/A
adasind_199770.jpg,extra_annotation,9,,Bike,,N/A
adasind_199770.jpg,missing_annotation,,3,,Pedestrian,N/A
adasind_199770.jpg,missing_annotation,,4,,ThreeWheeler,N/A
adasind_199770.jpg,missing_annotation,,5,,Bike,N/A
adasind_199770.jpg,missing_annotation,,6,,Bike,N/A
adasind_199770.jpg,missing_annotation,,9,,Bike,N/A
